-- phpMyAdmin SQL Dump
-- version 4.8.5
-- https://www.phpmyadmin.net/
--
-- Host: 127.0.0.1
-- Generation Time: Feb 27, 2024 at 05:27 PM
-- Server version: 10.1.38-MariaDB
-- PHP Version: 5.6.40

SET SQL_MODE = "NO_AUTO_VALUE_ON_ZERO";
SET AUTOCOMMIT = 0;
START TRANSACTION;
SET time_zone = "+00:00";


/*!40101 SET @OLD_CHARACTER_SET_CLIENT=@@CHARACTER_SET_CLIENT */;
/*!40101 SET @OLD_CHARACTER_SET_RESULTS=@@CHARACTER_SET_RESULTS */;
/*!40101 SET @OLD_COLLATION_CONNECTION=@@COLLATION_CONNECTION */;
/*!40101 SET NAMES utf8mb4 */;

--
-- Database: `stok_barang`
--

-- --------------------------------------------------------

--
-- Table structure for table `ci_sessions`
--

CREATE TABLE `ci_sessions` (
  `id` varchar(128) NOT NULL,
  `ip_address` varchar(45) NOT NULL,
  `timestamp` int(10) UNSIGNED NOT NULL DEFAULT '0',
  `data` blob NOT NULL
) ENGINE=InnoDB DEFAULT CHARSET=utf8mb4;

--
-- Dumping data for table `ci_sessions`
--

INSERT INTO `ci_sessions` (`id`, `ip_address`, `timestamp`, `data`) VALUES
('f5h01hi04hsgriul176bq7mh7cb9hq23', '::1', 1709040855, 0x5f5f63695f6c6173745f726567656e65726174657c693a313730393034303833303b),
('f92366jp5ksl14sod7q2fdkcd55inpbk', '::1', 1709041114, 0x5f5f63695f6c6173745f726567656e65726174657c693a313730393034313131333b),
('b9mcc9sc560hd5ao3k1nftlam8iib2sn', '::1', 1709041859, 0x5f5f63695f6c6173745f726567656e65726174657c693a313730393034313831373b5573657249447c733a313a2231223b557365727c733a31333a2241646d696e6973747261746f72223b6c6576656c7c733a353a2261646d696e223b666f746f7c733a31383a22666f746f313539363031373834372e706e67223b),
('nltsan4ncr1p48pl1nmac7cam4n7mbbf', '::1', 1709044337, 0x5f5f63695f6c6173745f726567656e65726174657c693a313730393034343231303b5573657249447c733a313a2231223b557365727c733a31333a2241646d696e6973747261746f72223b6c6576656c7c733a353a2261646d696e223b666f746f7c733a31383a22666f746f313539363031373834372e706e67223b),
('lg8cogoprakao6nm6q19gfbdmqkaj3os', '::1', 1709044541, 0x5f5f63695f6c6173745f726567656e65726174657c693a313730393034343339303b5573657249447c733a313a2231223b557365727c733a31333a2241646d696e6973747261746f72223b6c6576656c7c733a353a2261646d696e223b666f746f7c733a31383a22666f746f313539363031373834372e706e67223b),
('ens1qmk72rd6vqpp7pbvc43pg38lr53j', '::1', 1709045193, 0x5f5f63695f6c6173745f726567656e65726174657c693a313730393034343831303b5573657249447c733a313a2231223b557365727c733a31333a2241646d696e6973747261746f72223b6c6576656c7c733a353a2261646d696e223b666f746f7c733a31383a22666f746f313539363031373834372e706e67223b636172745f636f6e74656e74737c613a333a7b733a31303a22636172745f746f74616c223b643a3231303030303b733a31313a22746f74616c5f6974656d73223b643a313b733a33323a223437613030616230316333313866363735326435653034303431326361386361223b613a363a7b733a323a226964223b733a363a22435452383130223b733a333a22717479223b643a313b733a353a227072696365223b643a3231303030303b733a343a226e616d65223b733a31333a2243617274726964676520383130223b733a353a22726f776964223b733a33323a223437613030616230316333313866363735326435653034303431326361386361223b733a383a22737562746f74616c223b643a3231303030303b7d7d),
('jgn3hhmv50vtpmpfrag5gt3slche40es', '::1', 1709045384, 0x5f5f63695f6c6173745f726567656e65726174657c693a313730393034353331313b5573657249447c733a313a2231223b557365727c733a31333a2241646d696e6973747261746f72223b6c6576656c7c733a353a2261646d696e223b666f746f7c733a31383a22666f746f313539363031373834372e706e67223b),
('uochnalv5tvhd4d7eqghp8b8e7meese1', '::1', 1709045866, 0x5f5f63695f6c6173745f726567656e65726174657c693a313730393034353632383b5573657249447c733a313a2231223b557365727c733a31333a2241646d696e6973747261746f72223b6c6576656c7c733a353a2261646d696e223b666f746f7c733a31383a22666f746f313539363031373834372e706e67223b),
('3ujha9r6pjb6307kaaqfmbahm0s3q8it', '::1', 1709046051, 0x5f5f63695f6c6173745f726567656e65726174657c693a313730393034353934313b5573657249447c733a313a2231223b557365727c733a31333a2241646d696e6973747261746f72223b6c6576656c7c733a353a2261646d696e223b666f746f7c733a31383a22666f746f313539363031373834372e706e67223b636172745f636f6e74656e74737c613a333a7b733a31303a22636172745f746f74616c223b643a37303030303b733a31313a22746f74616c5f6974656d73223b643a313b733a33323a226364376533343333663739333535333037396239623663386438333461666132223b613a363a7b733a323a226964223b733a363a22464453313647223b733a333a22717479223b643a313b733a353a227072696365223b643a37303030303b733a343a226e616d65223b733a32333a22466c6173686469736b2053616e6469736b203136204742223b733a353a22726f776964223b733a33323a226364376533343333663739333535333037396239623663386438333461666132223b733a383a22737562746f74616c223b643a37303030303b7d7d),
('qj8rdeu31dsthi43qregveql1uguk6r5', '::1', 1709046484, 0x5f5f63695f6c6173745f726567656e65726174657c693a313730393034363237363b5573657249447c733a313a2231223b557365727c733a31333a2241646d696e6973747261746f72223b6c6576656c7c733a353a2261646d696e223b666f746f7c733a31383a22666f746f313539363031373834372e706e67223b),
('b10rdj533nv1338let43masibm1omgvt', '::1', 1709046929, 0x5f5f63695f6c6173745f726567656e65726174657c693a313730393034363732363b5573657249447c733a313a2231223b557365727c733a31333a2241646d696e6973747261746f72223b6c6576656c7c733a353a2261646d696e223b666f746f7c733a31383a22666f746f313539363031373834372e706e67223b),
('a1c6n5lnc59ahabu9sbm9n5i8fec9uu6', '::1', 1709047462, 0x5f5f63695f6c6173745f726567656e65726174657c693a313730393034373231393b5573657249447c733a313a2231223b557365727c733a31333a2241646d696e6973747261746f72223b6c6576656c7c733a353a2261646d696e223b666f746f7c733a31383a22666f746f313539363031373834372e706e67223b),
('d9go6diusef4jq402043ug442saj6oac', '::1', 1709047836, 0x5f5f63695f6c6173745f726567656e65726174657c693a313730393034373630363b5573657249447c733a313a2231223b557365727c733a31333a2241646d696e6973747261746f72223b6c6576656c7c733a353a2261646d696e223b666f746f7c733a31383a22666f746f313539363031373834372e706e67223b),
('c1q9dtcjralfp3ds6psdld73pqtbc7ni', '::1', 1709048270, 0x5f5f63695f6c6173745f726567656e65726174657c693a313730393034373938323b5573657249447c733a313a2231223b557365727c733a31333a2241646d696e6973747261746f72223b6c6576656c7c733a353a2261646d696e223b666f746f7c733a31383a22666f746f313539363031373834372e706e67223b),
('9bfbehcqtrlesognpc2trimmqk2lm4j4', '::1', 1709048566, 0x5f5f63695f6c6173745f726567656e65726174657c693a313730393034383430383b5573657249447c733a313a2231223b557365727c733a31333a2241646d696e6973747261746f72223b6c6576656c7c733a353a2261646d696e223b666f746f7c733a31383a22666f746f313539363031373834372e706e67223b),
('7poiheglbmksub92e51hs77bpn9f7gma', '::1', 1709048972, 0x5f5f63695f6c6173745f726567656e65726174657c693a313730393034383735313b5573657249447c733a313a2231223b557365727c733a31333a2241646d696e6973747261746f72223b6c6576656c7c733a353a2261646d696e223b666f746f7c733a31383a22666f746f313539363031373834372e706e67223b),
('1qr8jfjgv3ilh2dqrk34ksbsdq8c76fn', '::1', 1709049335, 0x5f5f63695f6c6173745f726567656e65726174657c693a313730393034393036393b5573657249447c733a313a2231223b557365727c733a31333a2241646d696e6973747261746f72223b6c6576656c7c733a353a2261646d696e223b666f746f7c733a31383a22666f746f313539363031373834372e706e67223b),
('3s2v3ntf4tcln88b285tjrau4rt1t7c5', '::1', 1709049532, 0x5f5f63695f6c6173745f726567656e65726174657c693a313730393034393338333b5573657249447c733a313a2231223b557365727c733a31333a2241646d696e6973747261746f72223b6c6576656c7c733a353a2261646d696e223b666f746f7c733a31383a22666f746f313539363031373834372e706e67223b),
('0e6pcjh3oigpcmqp1gc65hf6nik4eh32', '::1', 1709049990, 0x5f5f63695f6c6173745f726567656e65726174657c693a313730393034393639333b5573657249447c733a313a2231223b557365727c733a31333a2241646d696e6973747261746f72223b6c6576656c7c733a353a2261646d696e223b666f746f7c733a31383a22666f746f313539363031373834372e706e67223b),
('ps9u0l7qj86c92fub79s18t3mefbav3o', '::1', 1709050394, 0x5f5f63695f6c6173745f726567656e65726174657c693a313730393035303130373b5573657249447c733a313a2231223b557365727c733a31333a2241646d696e6973747261746f72223b6c6576656c7c733a353a2261646d696e223b666f746f7c733a31383a22666f746f313539363031373834372e706e67223b),
('vsk84uupc00ivruool3qc55eq75igi9n', '::1', 1709050408, 0x5f5f63695f6c6173745f726567656e65726174657c693a313730393035303430383b5573657249447c733a313a2231223b557365727c733a31333a2241646d696e6973747261746f72223b6c6576656c7c733a353a2261646d696e223b666f746f7c733a31383a22666f746f313539363031373834372e706e67223b),
('ceilp0s671arpalrfcudtnrp14541rag', '::1', 1709051066, 0x5f5f63695f6c6173745f726567656e65726174657c693a313730393035303738333b5573657249447c733a313a2231223b557365727c733a31333a2241646d696e6973747261746f72223b6c6576656c7c733a353a2261646d696e223b666f746f7c733a31383a22666f746f313539363031373834372e706e67223b),
('u0bb55u3ea5j1bqp80oa1gjsf68pqr8d', '::1', 1709051200, 0x5f5f63695f6c6173745f726567656e65726174657c693a313730393035313038353b5573657249447c733a313a2231223b557365727c733a31333a2241646d696e6973747261746f72223b6c6576656c7c733a353a2261646d696e223b666f746f7c733a31383a22666f746f313539363031373834372e706e67223b);

-- --------------------------------------------------------

--
-- Table structure for table `tbl_barang`
--

CREATE TABLE `tbl_barang` (
  `kode_barang` varchar(6) NOT NULL,
  `nama_barang` varchar(255) NOT NULL,
  `brand` varchar(255) NOT NULL,
  `stok` int(11) NOT NULL DEFAULT '0',
  `harga` double NOT NULL,
  `active` enum('Y','N') NOT NULL DEFAULT 'Y'
) ENGINE=InnoDB DEFAULT CHARSET=utf8mb4;

--
-- Dumping data for table `tbl_barang`
--

INSERT INTO `tbl_barang` (`kode_barang`, `nama_barang`, `brand`, `stok`, `harga`, `active`) VALUES
('ADVSPK', 'Advance Speaker 2.0 Mini', 'Advance', 4, 50000, 'Y'),
('CTR810', 'Cartridge 810', 'Canon', 2, 210000, 'Y'),
('CTR811', 'Cartridge 811', 'Canon', 1, 260000, 'Y'),
('FDS16G', 'Flashdisk Sandisk 16 GB', 'Sandisk', 9, 70000, 'Y'),
('FDT16G', 'Flashdisk Toshiba 16 GB', 'Toshiba', 6, 60000, 'Y'),
('FME001', 'Fan Murago Ergostand', 'Murago', 4, 80000, 'Y'),
('KB2308', 'Keyboard Votre KB2308', 'Votre', 6, 45000, 'Y'),
('MDMUSB', 'Modem USB Flash Unlimited', 'Telkomsel', 2, 175000, 'Y'),
('SP2120', 'Speaker Logitect 2120', 'Logitech', 4, 140000, 'Y'),
('SPTR14', 'Screen Protector 14 Inch', 'Centro', 2, 12000, 'Y'),
('TNTF1', 'Tinta F1', 'F1', 8, 26000, 'Y');

-- --------------------------------------------------------

--
-- Table structure for table `tbl_detail_pembelian`
--

CREATE TABLE `tbl_detail_pembelian` (
  `id_pembelian` varchar(20) NOT NULL,
  `id_barang` varchar(6) NOT NULL,
  `qty` smallint(6) NOT NULL,
  `harga` double NOT NULL
) ENGINE=InnoDB DEFAULT CHARSET=utf8mb4;

--
-- Dumping data for table `tbl_detail_pembelian`
--

INSERT INTO `tbl_detail_pembelian` (`id_pembelian`, `id_barang`, `qty`, `harga`) VALUES
('ID1595997781', 'ADVSPK', 2, 35000),
('ID1595997781', 'CTR810', 1, 190000),
('ID1596005126', 'CTR811', 1, 245000);

--
-- Triggers `tbl_detail_pembelian`
--
DELIMITER $$
CREATE TRIGGER `pembelian_barang` AFTER INSERT ON `tbl_detail_pembelian` FOR EACH ROW BEGIN
	UPDATE tbl_barang b SET b.stok = b.stok + new.qty
    WHERE b.kode_barang = new.id_barang;
END
$$
DELIMITER ;
DELIMITER $$
CREATE TRIGGER `update_pembelian` AFTER DELETE ON `tbl_detail_pembelian` FOR EACH ROW BEGIN
	UPDATE tbl_barang b SET b.stok = b.stok - old.qty
    WHERE b.kode_barang = old.id_barang;
END
$$
DELIMITER ;

-- --------------------------------------------------------

--
-- Table structure for table `tbl_detail_penjualan`
--

CREATE TABLE `tbl_detail_penjualan` (
  `id_penjualan` varchar(20) NOT NULL,
  `id_barang` varchar(6) NOT NULL,
  `qty` smallint(6) NOT NULL,
  `harga` double NOT NULL
) ENGINE=InnoDB DEFAULT CHARSET=utf8mb4;

--
-- Dumping data for table `tbl_detail_penjualan`
--

INSERT INTO `tbl_detail_penjualan` (`id_penjualan`, `id_barang`, `qty`, `harga`) VALUES
('ID1595897625', 'CTR810', 1, 210000),
('ID1595990535', 'CTR811', 2, 260000),
('ID1709045363', 'FDS16G', 1, 70000);

--
-- Triggers `tbl_detail_penjualan`
--
DELIMITER $$
CREATE TRIGGER `penjualan_barang` AFTER INSERT ON `tbl_detail_penjualan` FOR EACH ROW BEGIN
	UPDATE tbl_barang b SET b.stok = b.stok - new.qty
    WHERE b.kode_barang = new.id_barang;
END
$$
DELIMITER ;
DELIMITER $$
CREATE TRIGGER `update_penjualan` AFTER DELETE ON `tbl_detail_penjualan` FOR EACH ROW BEGIN
	UPDATE tbl_barang b SET b.stok = b.stok + old.qty
    WHERE b.kode_barang = old.id_barang;
END
$$
DELIMITER ;

-- --------------------------------------------------------

--
-- Table structure for table `tbl_pembelian`
--

CREATE TABLE `tbl_pembelian` (
  `id_pembelian` varchar(20) NOT NULL,
  `tgl_pembelian` date NOT NULL,
  `id_supplier` varchar(15) NOT NULL,
  `id_user` int(11) NOT NULL
) ENGINE=InnoDB DEFAULT CHARSET=utf8mb4;

--
-- Dumping data for table `tbl_pembelian`
--

INSERT INTO `tbl_pembelian` (`id_pembelian`, `tgl_pembelian`, `id_supplier`, `id_user`) VALUES
('ID1595997781', '2020-07-29', 'ID1595998788', 1),
('ID1596005126', '2020-07-28', 'ID1595997179', 1);

-- --------------------------------------------------------

--
-- Table structure for table `tbl_pengiriman`
--

CREATE TABLE `tbl_pengiriman` (
  `id` int(11) NOT NULL,
  `id_pengiriman` varchar(255) NOT NULL,
  `id_penjualan` varchar(255) NOT NULL,
  `date` date NOT NULL,
  `customer` varchar(255) NOT NULL,
  `phone` varchar(255) NOT NULL,
  `alamat` varchar(255) NOT NULL,
  `kurir` varchar(255) NOT NULL,
  `no_kendaraan` varchar(255) NOT NULL,
  `no_po` varchar(255) DEFAULT NULL,
  `penerima` varchar(255) DEFAULT NULL,
  `keterangan` varchar(255) DEFAULT NULL,
  `status` varchar(255) DEFAULT NULL
) ENGINE=InnoDB DEFAULT CHARSET=latin1;

--
-- Dumping data for table `tbl_pengiriman`
--

INSERT INTO `tbl_pengiriman` (`id`, `id_pengiriman`, `id_penjualan`, `date`, `customer`, `phone`, `alamat`, `kurir`, `no_kendaraan`, `no_po`, `penerima`, `keterangan`, `status`) VALUES
(1, 'ID1709047462', 'ID1595990535', '2024-01-31', 'asd', '082134123442', 'asdasdfasdf', 'EKO ', 'BK 4 SUS', NULL, 'yuni', 'mamaknya', 'berhasil');

-- --------------------------------------------------------

--
-- Table structure for table `tbl_penjualan`
--

CREATE TABLE `tbl_penjualan` (
  `id_penjualan` varchar(20) NOT NULL,
  `nama_pembeli` varchar(30) NOT NULL,
  `tgl_penjualan` date NOT NULL,
  `id_user` int(11) NOT NULL
) ENGINE=InnoDB DEFAULT CHARSET=utf8mb4;

--
-- Dumping data for table `tbl_penjualan`
--

INSERT INTO `tbl_penjualan` (`id_penjualan`, `nama_pembeli`, `tgl_penjualan`, `id_user`) VALUES
('ID1595897625', 'Achmad Jazuli', '2020-07-28', 1),
('ID1595990535', 'Yudi', '2020-07-29', 1),
('ID1709045363', 'oook', '2024-02-27', 1);

-- --------------------------------------------------------

--
-- Table structure for table `tbl_supplier`
--

CREATE TABLE `tbl_supplier` (
  `id_supplier` varchar(15) NOT NULL,
  `nama_supplier` varchar(255) NOT NULL,
  `alamat` varchar(255) NOT NULL,
  `telp` varchar(20) NOT NULL
) ENGINE=InnoDB DEFAULT CHARSET=utf8mb4;

--
-- Dumping data for table `tbl_supplier`
--

INSERT INTO `tbl_supplier` (`id_supplier`, `nama_supplier`, `alamat`, `telp`) VALUES
('ID1595997179', 'Aipel Computer', 'Ds. Manyar, Sidoarjo', '085731109556'),
('ID1595998788', 'Sarana Informasi Computer', 'Jl. Imam Bonjol No. 16 Nganjuk', '08392193833');

-- --------------------------------------------------------

--
-- Table structure for table `tbl_user`
--

CREATE TABLE `tbl_user` (
  `id_user` int(11) NOT NULL,
  `username` varchar(30) NOT NULL,
  `fullname` varchar(50) NOT NULL,
  `password` varchar(255) NOT NULL,
  `alamat` varchar(255) NOT NULL,
  `hp` varchar(20) NOT NULL,
  `foto` varchar(50) NOT NULL DEFAULT 'default.jpg',
  `level` enum('admin','pegawai') NOT NULL,
  `active` enum('Y','N') NOT NULL DEFAULT 'Y',
  `last_login` datetime DEFAULT NULL
) ENGINE=InnoDB DEFAULT CHARSET=utf8mb4;

--
-- Dumping data for table `tbl_user`
--

INSERT INTO `tbl_user` (`id_user`, `username`, `fullname`, `password`, `alamat`, `hp`, `foto`, `level`, `active`, `last_login`) VALUES
(1, 'admin', 'Administrator', '$2y$08$BO41OJFfhPPPzjKdWw2I6OyUElK1mkD43UVt1ss6J1xrVUExC1lRy', '', '', 'foto1596017847.png', 'admin', 'Y', '2020-07-30 07:59:43'),
(2, 'pegawai', 'Pegawai', '$2y$10$bZkYvXB4K93BWcR05e92r.Vcyq1PrnGFtzougX0LdN5bLaGY/1gPa', 'Jl. Semeru No.90', '085731109355', 'foto1596071469.png', 'pegawai', 'Y', '2020-07-18 15:18:43'),
(6, 'user2', 'Pegawai Kedua', '$2y$10$swIMV3E0b6nRrDXnyBgjO.tN7vMLNmYf6Zm76CG.TO7WH9sZU5LTm', 'Jl. Nanas No. 24, Pace - Nganjuk', '085731109355', 'foto1595054714.png', 'pegawai', 'Y', '2020-07-22 07:59:43');

--
-- Indexes for dumped tables
--

--
-- Indexes for table `ci_sessions`
--
ALTER TABLE `ci_sessions`
  ADD KEY `ci_sessions_timestamp` (`timestamp`);

--
-- Indexes for table `tbl_barang`
--
ALTER TABLE `tbl_barang`
  ADD PRIMARY KEY (`kode_barang`);

--
-- Indexes for table `tbl_pembelian`
--
ALTER TABLE `tbl_pembelian`
  ADD PRIMARY KEY (`id_pembelian`);

--
-- Indexes for table `tbl_pengiriman`
--
ALTER TABLE `tbl_pengiriman`
  ADD PRIMARY KEY (`id`),
  ADD UNIQUE KEY `id_pengiriman` (`id_pengiriman`);

--
-- Indexes for table `tbl_penjualan`
--
ALTER TABLE `tbl_penjualan`
  ADD PRIMARY KEY (`id_penjualan`);

--
-- Indexes for table `tbl_supplier`
--
ALTER TABLE `tbl_supplier`
  ADD PRIMARY KEY (`id_supplier`);

--
-- Indexes for table `tbl_user`
--
ALTER TABLE `tbl_user`
  ADD PRIMARY KEY (`id_user`),
  ADD UNIQUE KEY `username` (`username`);

--
-- AUTO_INCREMENT for dumped tables
--

--
-- AUTO_INCREMENT for table `tbl_pengiriman`
--
ALTER TABLE `tbl_pengiriman`
  MODIFY `id` int(11) NOT NULL AUTO_INCREMENT, AUTO_INCREMENT=2;

--
-- AUTO_INCREMENT for table `tbl_user`
--
ALTER TABLE `tbl_user`
  MODIFY `id_user` int(11) NOT NULL AUTO_INCREMENT, AUTO_INCREMENT=7;
COMMIT;

/*!40101 SET CHARACTER_SET_CLIENT=@OLD_CHARACTER_SET_CLIENT */;
/*!40101 SET CHARACTER_SET_RESULTS=@OLD_CHARACTER_SET_RESULTS */;
/*!40101 SET COLLATION_CONNECTION=@OLD_COLLATION_CONNECTION */;
